standardId,key,name,normalizedName,linkedGroups,linkedSkills,fields,damageFields,sourceFile,sourceUpdatedAt
skill-extension-23-aya-passive-data,23,AyaPassiveData,AyaPassive,1002100,None,BuffState|CooldownReduce|ShieldByLevel|SkillApCoef,,SkillExtension.json,2026-05-21T12:00:17+09:00
skill-extension-24-aya-normal-attack-data,24,AyaNormalAttackData,AyaNormalAttack,1002000,AyaNormalAttack,AssaultRifleApCoef|NormalAttackApCoef|NormalAttackDelay|ProjectileCode,,SkillExtension.json,2026-05-21T12:00:17+09:00
skill-extension-25-aya-active1-data,25,AyaActive1Data,AyaActive1,1002200,AyaActive1,BuffState|DamageByLevel|ProjectileCode|ProjectileCode_2|SkillApCoef|SkillApCoef_2|SkillAttackDelay,DamageByLevel,SkillExtension.json,2026-05-21T12:00:17+09:00
skill-extension-26-aya-active2-data,26,AyaActive2Data,AyaActive2,1002300,AyaActive2,DamageByLevel|ProjectileCode|ShootCount|SkillApCoef|SkillApCoefByLevel,DamageByLevel,SkillExtension.json,2026-05-21T12:00:17+09:00
skill-extension-27-aya-active3-data,27,AyaActive3Data,AyaActive3,1002400,AyaActive3,DashDistance|DashDuration,,SkillExtension.json,2026-05-21T12:00:17+09:00
skill-extension-28-aya-active4-data,28,AyaActive4Data,AyaActive4,1002500,AyaActive4,DamageByLevel|DebuffState|SkillApCoef,DamageByLevel,SkillExtension.json,2026-05-21T12:00:17+09:00
skill-extension-1-airborne-data,1,AirborneData,Airborne,,,,,SkillExtension.json,2026-05-21T12:00:17+09:00
skill-extension-2-slow-data,2,SlowData,Slow,,,,,SkillExtension.json,2026-05-21T12:00:17+09:00
skill-extension-6-silence-data,6,SilenceData,Silence,,,,,SkillExtension.json,2026-05-21T12:00:17+09:00
skill-extension-7-blocked-sight-data,7,BlockedSightData,BlockedSight,,,,,SkillExtension.json,2026-05-21T12:00:17+09:00
skill-extension-8-fetter-data,8,FetterData,Fetter,,,,,SkillExtension.json,2026-05-21T12:00:17+09:00
skill-extension-9-stun-data,9,StunData,Stun,,,,,SkillExtension.json,2026-05-21T12:00:17+09:00
skill-extension-10-knockback-data,10,KnockbackData,Knockback,,,,,SkillExtension.json,2026-05-21T12:00:17+09:00
skill-extension-11-sleep-data,11,SleepData,Sleep,,,,,SkillExtension.json,2026-05-21T12:00:17+09:00
skill-extension-12-disarmed-data,12,DisarmedData,Disarmed,,,,,SkillExtension.json,2026-05-21T12:00:17+09:00
skill-extension-13-suppressed-data,13,SuppressedData,Suppressed,,,,,SkillExtension.json,2026-05-21T12:00:17+09:00
skill-extension-14-blind-data,14,BlindData,Blind,,,,,SkillExtension.json,2026-05-21T12:00:17+09:00
skill-extension-15-grounding-data,15,GroundingData,Grounding,,,,,SkillExtension.json,2026-05-21T12:00:17+09:00
skill-extension-29-fiora-passive-data,29,FioraPassiveData,FioraPassive,1003100,None,DebuffState,,SkillExtension.json,2026-05-21T12:00:17+09:00
skill-extension-30-fiora-normal-attack-data,30,FioraNormalAttackData,FioraNormalAttack,1003000,FioraNormalAttack,EffectAndSoundWeaponType|EffectAndSoundWeaponType2|NormalAttackApCoef|NormalAttackDelay,,SkillExtension.json,2026-05-21T12:00:17+09:00
skill-extension-31-fiora-active1-data,31,FioraActive1Data,FioraActive1,1003200,FioraActive1,CooldownReduce|DamageByLevel|DebuffState|EffectAndSound|EffectAndSoundWeaponType|PassiveDebuffState|SkillApCoef,DamageByLevel,SkillExtension.json,2026-05-21T12:00:17+09:00
skill-extension-32-fiora-active2-data,32,FioraActive2Data,FioraActive2,1003300,FioraActive2,BuffState|EffectAndSound|EffectAndSoundWeaponType|FioraActive2Attack|NormalAttackApCoef|NormalAttackApCoef2|NormalAttackDelay|NormalAttackDelay_2,,SkillExtension.json,2026-05-21T12:00:17+09:00
skill-extension-33-fiora-active3-data,33,FioraActive3Data,FioraActive3,,,BackDashDistance|BackDashDuration|CooldownReduce|CooldownReduce2|DamageByLevel|DashDistance|DashDuration|DebuffState|EffectAndSound|EffectAndSoundWeaponType|MarkingSlowState|NextActionWaitTime|PassiveDebuffState|SkillApCoef,DamageByLevel,SkillExtension.json,2026-05-21T12:00:17+09:00
skill-extension-34-fiora-active4-data,34,FioraActive4Data,FioraActive4,,,BuffState|ConsumeSp|NormalAttackApCoef|SkillAttack|SkillAttackApCoef,,SkillExtension.json,2026-05-21T12:00:17+09:00
skill-extension-0-hart-skill-data,0,HartSkillData,HartSkill,1008000|1008100|1008200|1008210|1008300|1008400|1008410|1008500|1008600,HartNormalAttack|None|HartActive1_1|HartActive1_2|HartActive2|HartActive3_1|HartActive3_2|HartActive4|None,Active2BuffGroup,,SkillExtension.json,2026-05-21T12:00:17+09:00
skill-extension-59-hart-passive-data,59,HartPassiveData,HartPassive,1008100,None,Active2BuffGroup|EnchantedEvolutionProjectileCode_1|EnchantedEvolutionProjectileCode_2|EvolutionProjectileCode_1|EvolutionProjectileCode_2|PassiveBonusAttackApCoef|RecoverySpRatio,,SkillExtension.json,2026-05-21T12:00:17+09:00
skill-extension-60-hart-normal-attack-data,60,HartNormalAttackData,HartNormalAttack,1008000,HartNormalAttack,Active2BuffGroup|EnchantedProjectileCode_0|EnchantedProjectileCode_1|NormalAttackApCoef|NormalAttackDelay|ProjectileCode_0|ProjectileCode_1,,SkillExtension.json,2026-05-21T12:00:17+09:00
skill-extension-61-hart-active1-data,61,HartActive1Data,HartActive1,,,Active2BuffGroup|BuffState|ChargeDuration|ChargeEnchantedEvolutionProjectileCode|ChargeEnchantedProjectileCode|ChargeEvolutionProjectileCode|ChargeProjectileCode|DebuffMoveSpeedRatio|DebuffState|EnchantedEvolutionProjectileCode|EnchantedProjectileCode|EvolutionProjectileCode|MaxSkillApCoef|MaxSkillDamage|MinSkillApCoef|MinSkillDamage|ProjectileCode,MaxSkillDamage|MinSkillDamage,SkillExtension.json,2026-05-21T12:00:17+09:00
skill-extension-62-hart-active2-data,62,HartActive2Data,HartActive2,1008300,HartActive2,Active2BuffGroup|BuffState|BuffState2|DebuffState,,SkillExtension.json,2026-05-21T12:00:17+09:00
skill-extension-63-hart-active3-data,63,HartActive3Data,HartActive3,,,Active2BuffGroup|BuffState|DamageByLevel|DashDuration_1|DashDuration_2|DashDuration_3|EnchantedEvolutionProjectileCode_1|EnchantedEvolutionProjectileCode_2|EnchantedEvolutionProjectileCode_3|EnchantedProjectileCode_1|EnchantedProjectileCode_2|EnchantedProjectileCode_3|EvolutionProjectileCode_1|EvolutionProjectileCode_2|EvolutionProjectileCode_3|ProjectileCode_1|ProjectileCode_2|ProjectileCode_3|Skill2BuffGroup|SkillApCoef|SkillAttackRange,DamageByLevel,SkillExtension.json,2026-05-21T12:00:17+09:00
skill-extension-64-hart-active4-data,64,HartActive4Data,HartActive4,1008500,HartActive4,Active2BuffGroup|BuffState|DebuffEffectAndSound|DecSpAmount|HealEffectAndSound|HpAmount|HpCoef|IntervalCount|IntervalTime|MonsterDebuffState|PlayerDebuffState|SkillUpdateTime,,SkillExtension.json,2026-05-21T12:00:17+09:00
skill-extension-78-hyejin-skill-data,78,HyejinSkillData,HyejinSkill,1012000|1012100|1012200|1012300|1012400|1012410|1012500,HyejinNormalAttack|None|HyejinActive1|HyejinActive2|HyejinActive3_1|HyejinActive3_2|HyejinActive4,A1ApDamage|A1BaseDamage|A1HitDebuff|A1ProjectileCode|A2ApDamage|A2BaseMaxDamage|A2BaseMinDamage|A2DebuffCode|A2ExplosionRange|A2ExplosionWidth|A2MinActiveTime|A2ProjectileCodeBow|A2ProjectileCodeShuriken|A3ProjectileCode|A3_1ApDamage|A3_1BaseDamage|A3_2ApDamage|A3_2ApRange|A3_2BaseDamage|A4ConcentrationDebuffCode|A4ConcentrationEndApDamage|A4ConcentrationEndBaseDamage|A4ProjectileApDamage|A4ProjectileBaseDamage|A4ProjectileCode|A4ProjectileCount|A4ProjectileState|NormalAttackApCoef|NormalAttackDelay|NormalAttackEffectAndSoundWeaponType|PassiveFearMoveSpeedRatio|PassiveFearState|PassiveSamjeaImmuneState|PassiveStackState|PassiveTriggerStack|ProjectileCode,A1ApDamage|A1BaseDamage|A2ApDamage|A2BaseMaxDamage|A2BaseMinDamage|A3_1ApDamage|A3_1BaseDamage|A3_2ApDamage|A3_2BaseDamage|A4ConcentrationEndApDamage|A4ConcentrationEndBaseDamage|A4ProjectileApDamage|A4ProjectileBaseDamage,SkillExtension.json,2026-05-21T12:00:17+09:00
skill-extension-53-hyunwoo-passive-data,53,HyunwooPassiveData,HyunwooPassive,1007100,None,BuffState|HpCoef,,SkillExtension.json,2026-05-21T12:00:17+09:00
skill-extension-54-hyunwoo-normal-attack-data,54,HyunwooNormalAttackData,HyunwooNormalAttack,1007000,HyunwooNormalAttack,EffectAndSoundWeaponType|NormalAttackApCoef|NormalAttackDelay,,SkillExtension.json,2026-05-21T12:00:17+09:00
skill-extension-55-hyunwoo-active1-data,55,HyunwooActive1Data,HyunwooActive1,1007200,HyunwooActive1,DamageByLevel|DebuffState|SkillApCoef,DamageByLevel,SkillExtension.json,2026-05-21T12:00:17+09:00
skill-extension-56-hyunwoo-active2-data,56,HyunwooActive2Data,HyunwooActive2,1007300,HyunwooActive2,BuffState|BuffState_2,,SkillExtension.json,2026-05-21T12:00:17+09:00
skill-extension-57-hyunwoo-active3-data,57,HyunwooActive3Data,HyunwooActive3,1007400,HyunwooActive3,DamageByLevel|DashDistance|DashDuration|DebuffState|HpRateByLevel|RateByLevel|SkillDefCoef|StunDuration,DamageByLevel,SkillExtension.json,2026-05-21T12:00:17+09:00
skill-extension-58-hyunwoo-active4-data,58,HyunwooActive4Data,HyunwooActive4,1007500,HyunwooActive4,BuffState|MaxDamageByLevel|MaxSkillApCoef|MinDamageByLevel|MinSkillApCoef|MinSkillRange,MaxDamageByLevel|MinDamageByLevel,SkillExtension.json,2026-05-21T12:00:17+09:00
skill-extension-65-isol-passive-data,65,IsolPassiveData,IsolPassive,1009100,None,BuffState|InstallTrapAdditionalStateEffect|InstallTrapAttackSpeed|InstallTrapCastingTimeReduce|InstallTrapCreateVisibleTime,,SkillExtension.json,2026-05-21T12:00:17+09:00
skill-extension-66-isol-normal-attack-data,66,IsolNormalAttackData,IsolNormalAttack,1009000,IsolNormalAttack,AssaultRifleApCoef|NormalAttackApCoef|NormalAttackDelay|ProjectileCode,,SkillExtension.json,2026-05-21T12:00:17+09:00
skill-extension-67-isol-active1-data,67,IsolActive1Data,IsolActive1,1009200,IsolActive1,AdditionalDamagePerHit|AdditionalSkillApCoefPerHit|AttachDetectRange|AttachDetectTimer|AttachState|BaseDamage|BaseSkillApCoef|BombTimerOnGround|DebuffState|DurationDecreasePerHit|ProjectileCode|SummonObjectCode,AdditionalDamagePerHit|BaseDamage,SkillExtension.json,2026-05-21T12:00:17+09:00
skill-extension-68-isol-active2-data,68,IsolActive2Data,IsolActive2,1009300,IsolActive2,Damage|DamageCount|DamageTermTime|DebuffState|DurationTime|SkillApCoef|effectCode,Damage|DamageCount|DamageTermTime,SkillExtension.json,2026-05-21T12:00:17+09:00
skill-extension-69-isol-active3-data,69,IsolActive3Data,IsolActive3,1009400,IsolActive3,BuffState|DashDistance|DashDuration|StealthSpeedUpDelay|effectCode,,SkillExtension.json,2026-05-21T12:00:17+09:00
skill-extension-70-isol-active4-data,70,IsolActive4Data,IsolActive4,1009500,IsolActive4,Damage|DebuffState|MokbomeTime|SkillApCoef|SummonObjectCode,Damage,SkillExtension.json,2026-05-21T12:00:17+09:00
skill-extension-0-jackie-skill-data,0,JackieSkillData,JackieSkill,1001000|1001010|1001100|1001200|1001210|1001300|1001310|1001400|1001500|1001510,JackieNormalAttack|JackieNormalAttack_Combo|None|JackieActive1|JackieActive1_2|JackieActive2|JackieActive2Attack|JackieActive3|JackieActive4|JackieActive4_2,Active2BuffEffectAndSoundCode|Active4BuffGroup,,SkillExtension.json,2026-05-21T12:00:17+09:00
skill-extension-17-jackie-passive-data,17,JackiePassiveData,JackiePassive,1001100,None,Active2BuffEffectAndSoundCode|Active4BuffGroup|BuffState|BuffState_2|LessThanLargeSizeMonsterKillCondition|PlayerOrOverLargeSizeMonsterKillCondition,,SkillExtension.json,2026-05-21T12:00:17+09:00
skill-extension-18-jackie-normal-attack-data,18,JackieNormalAttackData,JackieNormalAttack,1001000,JackieNormalAttack,Active2BuffEffectAndSoundCode|Active4BuffGroup|EffectAndSoundWeaponType|NormalAttackApCoef|NormalAttackDelay|NormalAttackDelay_2|SpecialNormalAttackDelay,,SkillExtension.json,2026-05-21T12:00:17+09:00
skill-extension-19-jackie-active1-data,19,JackieActive1Data,JackieActive1,1001200,JackieActive1,Active2BuffEffectAndSoundCode|Active4BuffGroup|DFS_DamageApCoefByLevel|DFS_DamageByLevel|DFS_EffectAndSound_Target|DFS_EffectPointCheck|DFS_Effect_Target|DFS_IntervalCount|DFS_IntervalTime|DamageByLevel|DamageByLevel_2|DebuffState|EffectAndSoundWeaponType|SkillApCoef|SkillApCoef_2|SkillAttackDelay|SkillAttackDelay_2,DFS_DamageApCoefByLevel|DFS_DamageByLevel|DamageByLevel|DamageByLevel_2,SkillExtension.json,2026-05-21T12:00:17+09:00
skill-extension-20-jackie-active2-data,20,JackieActive2Data,JackieActive2,1001300,JackieActive2,Active2BuffEffectAndSoundCode|Active4BuffGroup|BuffState|DamageApCoef|HealApCoef|HealByLevel,DamageApCoef,SkillExtension.json,2026-05-21T12:00:17+09:00
skill-extension-21-jackie-active3-data,21,JackieActive3Data,JackieActive3,1001400,JackieActive3,Active2BuffEffectAndSoundCode|Active4BuffGroup|DamageByLevel|DashDuration|DebuffState|SkillApCoefByLevel,DamageByLevel,SkillExtension.json,2026-05-21T12:00:17+09:00
skill-extension-22-jackie-active4-data,22,JackieActive4Data,JackieActive4,1001500,JackieActive4,Active2BuffEffectAndSoundCode|Active4BuffGroup|BuffState|DFS_DamageApCoefByLevel|DFS_DamageByLevel|DFS_EffectAndSound_Target|DFS_EffectPointCheck|DFS_Effect_Target|DFS_IntervalCount|DFS_IntervalTime|DebuffState|FinishDamageByLevel|FinishSkillApCoef|FinishSkillDataCode,DFS_DamageApCoefByLevel|DFS_DamageByLevel|FinishDamageByLevel,SkillExtension.json,2026-05-21T12:00:17+09:00
skill-extension-71-li-dailin-skill-data,71,LiDailinSkillData,LiDailinSkill,1010000|1010100|1010110|1010200|1010210|1010220|1010300|1010400|1010500,LiDailinNormalAttack|None|LiDailinPassiveDoubleAttack|LiDailinActive1_1|LiDailinActive1_2|LiDailinActive1_3|LiDailinActive2|LiDailinActive3|LiDailinActive4,A1AfterDelayTime|A1ApDamage|A1AttackEndTime|A1AttackStartTime|A1BaseDamage|A1DashDistance|A1DashDuration|A1EffectCode|A1EffectCodeReinforce|A1ReinforceApDamage|A1ReinforceBaseDamage|A1ReinforceConsumeExtraPoint|A1ReinforceDashDistance|A1ReinforceStateCode|A1ThirdAttackTime|A2ChargeAmount|A2ChargeCount|A2ChargeTerm|A2CooldownReduce|A2SkillDamagedReduce|A2SkillEndBuff|A2SkillEndBuffEffectAmountPerAlcohol|A3Angle|A3ApDamage|A3BaseDamage|A3BaseDebuff|A3Duraion|A3EffectCodeBase|A3EffectCodeReinforce|A3Radius|A3ReinforceConsumeExtraPoint|A3ReinforceDebuff|A4ApDamage|A4DamageBase|A4DamageIncreaseMax|A4DamageIncreasePerTargetLossHp|A4DashDistance|A4DashDuration|A4EffectCodeBase|A4EffectCodeReinforce|A4HitCountBase|A4HitCountReinforce|A4HitDurationBase|A4HitDurationReinforce|A4HitTermBase|A4HitTermReinforce|A4ReinforceConsumeExtraPoint|A4TargetSuppressedDebuffBase|A4TargetSuppressedDebuffReinforce|DecompositionPreventTime|NormalAttackApCoef|NormalAttackDelay|NormalAttackEffectAndSoundWeaponType|PassiveAlcoholItemConsumeBuff|PassiveDecompositionAmount|PassiveDecompositionTermTime|PassiveDoubleAttackAp|PassiveDoubleAttackDelayFirst|PassiveDoubleAttackDelaySecond|PassiveDoubleAttackDummyStateCode|PassiveDoubleAttackSkillCode|PassiveDoubleAttackStateCode|PassiveDrunkennessDecompositionAmount|PassiveDrunkennessStateCode|SkillOverExtraPoint|SkillReinforceExtraPoint,A1ApDamage|A1BaseDamage|A1ReinforceApDamage|A1ReinforceBaseDamage|A2SkillDamagedReduce|A3ApDamage|A3BaseDamage|A4ApDamage|A4DamageBase|A4DamageIncreaseMax|A4DamageIncreasePerTargetLossHp,SkillExtension.json,2026-05-21T12:00:17+09:00
skill-extension-35-magnus-passive-data,35,MagnusPassiveData,MagnusPassive,1004100,None,BuffState,,SkillExtension.json,2026-05-21T12:00:17+09:00
skill-extension-36-magnus-normal-attack-data,36,MagnusNormalAttackData,MagnusNormalAttack,1004000,MagnusNormalAttack,EffectAndSoundWeaponType|NormalAttackApCoef|NormalAttackDelay,,SkillExtension.json,2026-05-21T12:00:17+09:00
skill-extension-37-magnus-active1-data,37,MagnusActive1Data,MagnusActive1,1004200,MagnusActive1,DamageByLevel|DebuffState|ProjectileCode|SkillApCoef|SkillDefCoef,DamageByLevel,SkillExtension.json,2026-05-21T12:00:17+09:00
skill-extension-38-magnus-active2-data,38,MagnusActive2Data,MagnusActive2,1004300,MagnusActive2,AttackCountByLevel|DamageByLevel|EffectAndSoundWeaponType|MoveSpeedDown|SkillApCoef|SkillDefCoef,DamageByLevel,SkillExtension.json,2026-05-21T12:00:17+09:00
skill-extension-39-magnus-active3-data,39,MagnusActive3Data,MagnusActive3,1004400,MagnusActive3,AffectTime|DamageByLevel|EffectAndSoundWeaponType|SkillApCoef|TargetMoveDistance|TargetMoveDuration,DamageByLevel,SkillExtension.json,2026-05-21T12:00:17+09:00
skill-extension-40-magnus-active4-data,40,MagnusActive4Data,MagnusActive4,1004500,MagnusActive4,BikeCurveSpeed|BuffState|DamageByLevel|DepthOnRide|ProjectileCode|SkillApCoef|SkillAttackDelay|SkillDuration|WidthOnRide,DamageByLevel,SkillExtension.json,2026-05-21T12:00:17+09:00
skill-extension-81-bat-normal-attack-data,81,BatNormalAttackData,BatNormalAttack,2002100,BatNormalAttack,ApCoefficient|AttackDelay|Effect1,,SkillExtension.json,2026-05-21T12:00:17+09:00
skill-extension-87-bear-normal-attack-data,87,BearNormalAttackData,BearNormalAttack,2006100,BearNormalAttack,ApCoefficient|AttackDelay|Effect1,,SkillExtension.json,2026-05-21T12:00:17+09:00
skill-extension-88-bear-smash-data,88,BearSmashData,BearSmash,2006200,BearSmash,SkillApCoef|SkillDamage|StunDuration,SkillDamage,SkillExtension.json,2026-05-21T12:00:17+09:00
skill-extension-82-boar-normal-attack-data,82,BoarNormalAttackData,BoarNormalAttack,2003100,BoarNormalAttack,ApCoefficient|AttackDelay|Effect1,,SkillExtension.json,2026-05-21T12:00:17+09:00
skill-extension-83-boar-charge-data,83,BoarChargeData,BoarCharge,2003200,BoarCharge,ChargeDistance|ChargeDuration|SkillApCoef|SkillDamage|StunDuration,SkillDamage,SkillExtension.json,2026-05-21T12:00:17+09:00
skill-extension-80-chicken-normal-attack-data,80,ChickenNormalAttackData,ChickenNormalAttack,2001100,ChickenNormalAttack,ApCoefficient|AttackDelay|Effect1,,SkillExtension.json,2026-05-21T12:00:17+09:00
skill-extension-89-wickline-normal-attack-data,89,WicklineNormalAttackData,WicklineNormalAttack,2007100,WicklineNormalAttack,ApCoefficient|AttackDelay|Effect1,,SkillExtension.json,2026-05-21T12:00:17+09:00
skill-extension-90-wickline-passive-data,90,WicklinePassiveData,WicklinePassive,2007200,None,Interval|PoisonInterval|PoisoningState|ProjectileCode,,SkillExtension.json,2026-05-21T12:00:17+09:00
skill-extension-91-wickline-active1-data,91,WicklineActive1Data,WicklineActive1,2007300,WicklineActive1,Speed|WarpDistance,,SkillExtension.json,2026-05-21T12:00:17+09:00
skill-extension-92-wickline-active2-data,92,WicklineActive2Data,WicklineActive2,2007400,WicklineActive2,DebuffState|EffectAndSound|PoisonInterval|ProjectileCode|SkillDamage|SkillDamageCoef,SkillDamage|SkillDamageCoef,SkillExtension.json,2026-05-21T12:00:17+09:00
skill-extension-93-wickline-debuff-data,93,WicklineDebuffData,WicklineDebuff,,,DFS_DamageApCoefByLevel|DFS_DamageByLevel|DFS_EffectAndSound_Target|DFS_EffectPointCheck|DFS_Effect_Target|DFS_IntervalCount|DFS_IntervalTime,DFS_DamageApCoefByLevel|DFS_DamageByLevel,SkillExtension.json,2026-05-21T12:00:17+09:00
skill-extension-79-wickline-kill-buff-data,79,WicklineKillBuffData,WicklineKillBuff,,,DFS_Code|DFS_DamageApCoefByLevel|DFS_DamageByLevel|DFS_EffectAndSound_Target|DFS_EffectCooltimeState|DFS_Effect_Target|DFS_IntervalCount|DFS_IntervalTime,DFS_DamageApCoefByLevel|DFS_DamageByLevel,SkillExtension.json,2026-05-21T12:00:17+09:00
skill-extension-84-wild-dog-normal-attack-data,84,WildDogNormalAttackData,WildDogNormalAttack,2004100,WildDogNormalAttack,ApCoefficient|AttackDelay|BleedState|DFS_DamageApCoefByLevel|DFS_DamageByLevel|DFS_EffectAndSound_Target|DFS_EffectPointCheck|DFS_Effect_Target|DFS_IntervalCount|DFS_IntervalTime,DFS_DamageApCoefByLevel|DFS_DamageByLevel,SkillExtension.json,2026-05-21T12:00:17+09:00
skill-extension-85-wolf-normal-attack-data,85,WolfNormalAttackData,WolfNormalAttack,2005100,WolfNormalAttack,ApCoefficient|AttackDelay|Effect1,,SkillExtension.json,2026-05-21T12:00:17+09:00
skill-extension-86-wolf-howling-data,86,WolfHowlingData,WolfHowling,2005200,WolfHowling,HowlingState,,SkillExtension.json,2026-05-21T12:00:17+09:00
skill-extension-47-nadine-passive-data,47,NadinePassiveData,NadinePassive,1006100,None,BuffState|PassiveSightRange|StackCountOnKillCommon|StackCountOnKillEpic|StackCountOnKillRare|StackCountOnKillUncommon,,SkillExtension.json,2026-05-21T12:00:17+09:00
skill-extension-48-nadine-normal-attack-data,48,NadineNormalAttackData,NadineNormalAttack,1006000,NadineNormalAttack,NormalAttackApCoef|NormalAttackDelay|ProjectileCode,,SkillExtension.json,2026-05-21T12:00:17+09:00
skill-extension-49-nadine-active1-data,49,NadineActive1Data,NadineActive1,1006200,NadineActive1,BuffState|ChargingTime|MaxDamageByLevel|MaxSkillApCoef|MaxSkillRange|MaxSkillRange2|MinDamageByLevel|MinSkillApCoef|PassiveBuffState|PassiveStackCount|ProjectileCode|RecoverySpRatio|WaitingTime,MaxDamageByLevel|MinDamageByLevel,SkillExtension.json,2026-05-21T12:00:17+09:00
skill-extension-50-nadine-active2-data,50,NadineActive2Data,NadineActive2,,,DamageByLevel|DamageByLevel_2|DebuffState|ExclusiveViewSkillReuseTime|ExclusiveViewTrapConnectTime|GainSightDuration|LineEndWidth|LineMaterial|LineStartWidth|MaxLinkRange|ProjectileCode1|ProjectileCode2|SkillApCoef|SummonCode1|SummonCode2,DamageByLevel|DamageByLevel_2,SkillExtension.json,2026-05-21T12:00:17+09:00
skill-extension-51-nadine-active3-data,51,NadineActive3Data,NadineActive3,,,BuffState1|BuffState2|DashSpeed|ExclusiveViewMaintainTime|LineEndWidth|LineMaterial|LineStartWidth|MaxLineConnectionRange|ProjectileCode|SummonCode,,SkillExtension.json,2026-05-21T12:00:17+09:00
skill-extension-52-nadine-active4-data,52,NadineActive4Data,NadineActive4,1006500,NadineActive4,BuffState1|BuffState2|DamageByLevel|DamagePerPassiveStackCount|DebuffState|PassiveBuffState|ProjectileCode,DamageByLevel|DamagePerPassiveStackCount,SkillExtension.json,2026-05-21T12:00:17+09:00
skill-extension-94-glove-active-data,94,GloveActiveData,GloveActive,3001000,GloveActive,BuffState|GloveUppercutAttackApCoef|GloveUppercutAttackSkillCode|UppercutFinalMoreDamage,UppercutFinalMoreDamage,SkillExtension.json,2026-05-21T12:00:17+09:00
skill-extension-95-tonfa-active-data,95,TonfaActiveData,TonfaActive,3002000,TonfaActive,BlockAngle|BuffState|ReturnApCoef,,SkillExtension.json,2026-05-21T12:00:17+09:00
skill-extension-96-bat-active-data,96,BatActiveData,BatActive,3003000,BatActive,SkillApCoef|StunDuration,,SkillExtension.json,2026-05-21T12:00:17+09:00
skill-extension-98-whip-active-data,98,WhipActiveData,WhipActive,3004000,WhipActive,,,SkillExtension.json,2026-05-21T12:00:17+09:00
skill-extension-99-high-angle-fire-active-data,99,HighAngleFireActiveData,HighAngleFireActive,3005000,HighAngleFireActive,DebuffState|Duration|ProjectileCode,,SkillExtension.json,2026-05-21T12:00:17+09:00
skill-extension-100-direct-fire-active-data,100,DirectFireActiveData,DirectFireActive,3006000,DirectFireActive,DamageByLevel_2|DamageReduce_2|DebuffState_2|Duration|InnerCaltropCount|OuterCaltropCount|ProjectileCode|ProjectileCode_2|SkillApCoef_2,DamageByLevel_2|DamageReduce_2,SkillExtension.json,2026-05-21T12:00:17+09:00
skill-extension-101-bow-active-data,101,BowActiveData,BowActive,3007000,BowActive,DamageByLevel_IN|DamageByLevel_OUT|DamageInRangeRadius|DebuffState|EffectAndSoundWeaponType|ProjectileCode|SkillApCoef_IN|SkillApCoef_OUT|SkillDamageDelay,DamageByLevel_IN|DamageByLevel_OUT|DamageInRangeRadius|SkillDamageDelay,SkillExtension.json,2026-05-21T12:00:17+09:00
skill-extension-102-cross-bow-active-data,102,CrossBowActiveData,CrossBowActive,3008000,CrossBowActive,KnockBackDistance|ProjectileCode|SkillApCoef|StunDuration,,SkillExtension.json,2026-05-21T12:00:17+09:00
skill-extension-103-pistol-active-data,103,PistolActiveData,PistolActive,3009000,PistolActive,BuffState|GunReloadTime|SkillCooldownReduce,,SkillExtension.json,2026-05-21T12:00:17+09:00
skill-extension-104-assault-rifle-active-data,104,AssaultRifleActiveData,AssaultRifleActive,3010000,AssaultRifleActive,AssaultPassiveBuff|AssaultPassiveBuffGroup|AssaultRifleOverHeatAttack|BuffState|OverHeatAddStack|OverHeatAttackApCoef|OverHeatAttackDelay|OverHeatCheckTime|OverHeatRemoveStack|OverHeatRemoveTime|ProjectileCode,,SkillExtension.json,2026-05-21T12:00:17+09:00
skill-extension-105-sniper-rifle-active-data,105,SniperRifleActiveData,SniperRifleActive,3011000,SniperRifleActive,ApCoefficient|BuffState|ProjectileCode|aimingDelay|maxBullet|shotDelay,,SkillExtension.json,2026-05-21T12:00:17+09:00
skill-extension-97-hammer-active-data,97,HammerActiveData,HammerActive,3013000,HammerActive,Damage|DebuffState|DefCoefficient,Damage,SkillExtension.json,2026-05-21T12:00:17+09:00
skill-extension-106-axe-active-data,106,AxeActiveData,AxeActive,3014000,AxeActive,BuffIncreaseValue|BuffState|Duration,,SkillExtension.json,2026-05-21T12:00:17+09:00
skill-extension-107-one-hand-sword-active-data,107,OneHandSwordActiveData,OneHandSwordActive,3015000,OneHandSwordActive,ApCoefficient|BuffState|BuffState_2|BuffState_3|DaggerAttackSkillCode,,SkillExtension.json,2026-05-21T12:00:17+09:00
skill-extension-108-two-hand-sword-active-data,108,TwoHandSwordActiveData,TwoHandSwordActive,3016000,TwoHandSwordActive,BlockCount|BlockingAngle|BlockingDurtaion|BuffState|DamageApCoef|DamageBoxDepth|DamageBoxWidth|DamageEffectAndSoundCode|DashDistance,DamageApCoef|DamageBoxDepth|DamageBoxWidth|DamageEffectAndSoundCode,SkillExtension.json,2026-05-21T12:00:17+09:00
skill-extension-109-dual-sword-active-data,109,DualSwordActiveData,DualSwordActive,,,AttackDistance|AttackDuration|AttackRange|DamageApCoef|DashDistance|DashDuration|WaitingForCast,DamageApCoef,SkillExtension.json,2026-05-21T12:00:17+09:00
skill-extension-110-spear-active-data,110,SpearActiveData,SpearActive,3019000,SpearActive,DebuffState|EffectAndSound|FirstRange|SecondRange|SkillApCoef,,SkillExtension.json,2026-05-21T12:00:17+09:00
skill-extension-111-nunchaku-active-data,111,NunchakuActiveData,NunchakuActive,3020000,NunchakuActive,,,SkillExtension.json,2026-05-21T12:00:17+09:00
skill-extension-112-rapier-active-data,112,RapierActiveData,RapierActive,3021000,RapierActive,SkillApCoef,,SkillExtension.json,2026-05-21T12:00:17+09:00
skill-extension-115-guitar-active-data,115,GuitarActiveData,GuitarActive,3022000,GuitarActive,CharmDuration|MoveSpeedRatio|ProjectileCode|SkillApCoef,,SkillExtension.json,2026-05-21T12:00:17+09:00
skill-extension-72-yuki-passive-data,72,YukiPassiveData,YukiPassive,1011100,None,Active1AttackStunDuration|CooldownReduceActive2|Damage|RecoverySeconds|ReduceDamageRatio,Damage|ReduceDamageRatio,SkillExtension.json,2026-05-21T12:00:17+09:00
skill-extension-73-yuki-normal-attack-data,73,YukiNormalAttackData,YukiNormalAttack,1011000,YukiNormalAttack,EffectAndSoundWeaponType|NormalAttackApCoef|NormalAttackDelay|NormalAttackDelay_2|PassiveEffectAndSoundWeaponType|SkillApCoef,,SkillExtension.json,2026-05-21T12:00:17+09:00
skill-extension-74-yuki-active1-data,74,YukiActive1Data,YukiActive1,1011200,YukiActive1,AttackDamage|BuffState|DebuffState|DualSworldNormalAttackApCoef|EffectAndSoundWeaponType|NormalAttackApCoef|NormalAttackDelay|NormalAttackEndDelay|PassiveEffectAndSoundWeaponType|SlowDuration|SlowMoveSpeedRatio|StunDuration|YukiActive1Attack,AttackDamage,SkillExtension.json,2026-05-21T12:00:17+09:00
skill-extension-75-yuki-active2-data,75,YukiActive2Data,YukiActive2,1011300,YukiActive2,CooldownReduceActive2|CooldownReduceActive3|DefenceBuffState|Duration,,SkillExtension.json,2026-05-21T12:00:17+09:00
skill-extension-76-yuki-active3-data,76,YukiActive3Data,YukiActive3,1011400,YukiActive3,AfterHitDistance|AfterHitDuration|DebuffState|DisarmDuration|Distance|Duration|EffectAndSound|EndDelay|PassiveEffectAndSound|SkillApCoef|SkillDamage,SkillDamage,SkillExtension.json,2026-05-21T12:00:17+09:00
skill-extension-77-yuki-active4-data,77,YukiActive4Data,YukiActive4,1011500,YukiActive4,ConcentrationTime|DebuffMoveSpeedRatio|DebuffState_1|DebuffState_2|EffectAndSound|EffectAndSoundPassiveSignal|EffectAndSoundSignal|FinalMotionTime|HpRateByLevel|PassiveEffectAndSound|SkillApCoef|SkillApCoefPassiveSignal|SkillApCoefSignal|SkillDamage|SkillDamageSignal|WaitTime,SkillDamage|SkillDamageSignal,SkillExtension.json,2026-05-21T12:00:17+09:00
skill-extension-41-zahir-passive-data,41,ZahirPassiveData,ZahirPassive,1005100,None,BuffState|DamageByLevel|PassiveDebuffStateCode|PassiveDuration|SkillApCoef,DamageByLevel,SkillExtension.json,2026-05-21T12:00:17+09:00
skill-extension-42-zahir-normal-attack-data,42,ZahirNormalAttackData,ZahirNormalAttack,1005000,ZahirNormalAttack,NormalAttackApCoef|NormalAttackDelay|ProjectileCode,,SkillExtension.json,2026-05-21T12:00:17+09:00
skill-extension-43-zahir-active1-data,43,ZahirActive1Data,ZahirActive1,1005200,ZahirActive1,DamageByLevel|DamageByLevel_2|DebuffStackByLevel_2|DebuffState_2|PassiveDebuffStateGroup|ProjectileCode|SkillApCoef,DamageByLevel|DamageByLevel_2,SkillExtension.json,2026-05-21T12:00:17+09:00
skill-extension-44-zahir-active2-data,44,ZahirActive2Data,ZahirActive2,1005300,ZahirActive2,AddStackCount|BuffState|DamageByLevel|PassiveDebuffStateGroup|ProjectileCode|SkillApCoef|SkillCooldownReduce|SlowDuration|SlowMoveSpeedRatio,DamageByLevel,SkillExtension.json,2026-05-21T12:00:17+09:00
skill-extension-45-zahir-active3-data,45,ZahirActive3Data,ZahirActive3,1005400,ZahirActive3,AirborneDuration|BigAirborneDuration|DamageByLevel|PassiveDebuffStateGroup|ProjectileCode|SkillApCoef|SlowDuration|SlowMoveSpeedRatio,DamageByLevel,SkillExtension.json,2026-05-21T12:00:17+09:00
skill-extension-46-zahir-active4-data,46,ZahirActive4Data,ZahirActive4,1005500,ZahirActive4,DamageByLevel|DamageByLevel_2|ProjectileCode|ProjectileSkillDelay|SkillApCoef|SkillApCoef_2,DamageByLevel|DamageByLevel_2,SkillExtension.json,2026-05-21T12:00:17+09:00
